repo,category,subcategory,location,manual validation,match with cd-linter,Entity,Reason
https://gitlab.com/clitellum/clitellum,Versioning,No Version,omitted,YES,VALIDATOR,pip3 install pika,outside a job
https://gitlab.com/EAVISE/brambox,Versioning,No Version,omitted,YES,VALIDATOR,pip install numpy,outside a job
https://gitlab.com/EAVISE/brambox,Versioning,No Version,omitted,YES,YES,pip install IPython,
https://gitlab.com/floscher/gradle-josm-plugin,Job-Allow-Failure,,omitted,YES,YES,assemble on java13,
https://gitlab.com/floscher/gradle-josm-plugin,Job-Allow-Failure,,omitted,YES,YES,assemble on java14,
https://gitlab.com/floscher/gradle-josm-plugin,Job-Allow-Failure,,omitted,YES,YES,test on java13,
https://gitlab.com/floscher/gradle-josm-plugin,Job-Allow-Failure,,omitted,YES,YES,test on java14,
https://gitlab.com/floscher/gradle-josm-plugin,Job-Allow-Failure,,omitted,NO,LINTER,demo,
https://gitlab.com/gitlab-org/gitter/webapp,Job-Allow-Failure,,omitted,YES,YES,containerize,
https://gitlab.com/gitlab-org/gitter/webapp,Job-Allow-Failure,,omitted,YES,YES,renovate,
https://gitlab.com/gitlab-org/gitter/webapp,Job-Retry,,omitted,YES,YES,test,
https://gitlab.com/gitlab-org/gitter/webapp,Job-Retry,,omitted,YES,YES,test-all,
https://gitlab.com/gitlab-org/gitter/webapp,Job-Retry,,omitted,YES,YES,test_e2e,
https://gitlab.com/gitlab-org/gitter/webapp,Job-Retry,,omitted,YES,YES,test_e2e_manual,
https://gitlab.com/gitlab-org/gitter/webapp,Manual-Job,,omitted,YES,VALIDATOR,test_e2e_manual,because it has manual in the name
https://gitlab.com/gitlab-org/omnibus-gitlab,Job-Allow-Failure,,omitted,YES,YES,QA-Master,
https://gitlab.com/gitlab-org/omnibus-gitlab,Job-Allow-Failure,,omitted,YES,YES,QA-Tag,
https://gitlab.com/gitlab-org/omnibus-gitlab,Job-Allow-Failure,,omitted,YES,YES,upgrade,
https://gitlab.com/gitlab-org/omnibus-gitlab,Job-Allow-Failure,,omitted,YES,YES,license-upload,
https://gitlab.com/gitlab-org/omnibus-gitlab,Job-Allow-Failure,,omitted,YES,YES,HA-Validate-Tagged,
https://gitlab.com/gitlab-org/omnibus-gitlab,Job-Allow-Failure,,omitted,YES,YES,AWS-Ultimate,
https://gitlab.com/gitlab-org/omnibus-gitlab,Job-Allow-Failure,,omitted,YES,YES,AWS,
https://gitlab.com/gitlab-org/omnibus-gitlab,Job-Allow-Failure,,omitted,YES,YES,AWS-Premium,
https://gitlab.com/gitlab-org/omnibus-gitlab,Job-Retry,,omitted,YES,YES,update-knapsack,
https://gitlab.com/gitlab-org/omnibus-gitlab,Job-Retry,,omitted,YES,YES,Docker-branch,
https://gitlab.com/gitlab-org/omnibus-gitlab,Job-Retry,,omitted,YES,YES,QA-Master,
https://gitlab.com/gitlab-org/omnibus-gitlab,Job-Retry,,omitted,YES,YES,Docker-QA,
https://gitlab.com/gitlab-org/omnibus-gitlab,Job-Retry,,omitted,YES,YES,Docker,
https://gitlab.com/gitlab-org/omnibus-gitlab,Job-Retry,,omitted,YES,YES,QA-Tag,
https://gitlab.com/gitlab-org/omnibus-gitlab,Job-Retry,,omitted,YES,YES,AWS,
https://gitlab.com/gitlab-org/omnibus-gitlab,Job-Retry,,omitted,YES,YES,AWS-Premium,
https://gitlab.com/gitlab-org/omnibus-gitlab,Job-Retry,,omitted,YES,YES,AWS-Ultimate,
https://gitlab.com/gitlab-org/omnibus-gitlab,Job-Retry,,omitted,YES,YES,Centos 6 knapsack,
https://gitlab.com/gitlab-org/omnibus-gitlab,Job-Retry,,omitted,YES,YES,Centos 7 knapsack,
https://gitlab.com/gitlab-org/omnibus-gitlab,Job-Retry,,omitted,YES,YES,Centos 8 knapsack,
https://gitlab.com/gitlab-org/omnibus-gitlab,Job-Retry,,omitted,YES,YES,CentOS-6,
https://gitlab.com/gitlab-org/omnibus-gitlab,Job-Retry,,omitted,YES,YES,CentOS-6-branch,
https://gitlab.com/gitlab-org/omnibus-gitlab,Job-Retry,,omitted,YES,YES,CentOS-6-release,
https://gitlab.com/gitlab-org/omnibus-gitlab,Job-Retry,,omitted,YES,YES,CentOS-6-staging,
https://gitlab.com/gitlab-org/omnibus-gitlab,Job-Retry,,omitted,YES,YES,CentOS-7,
https://gitlab.com/gitlab-org/omnibus-gitlab,Job-Retry,,omitted,YES,YES,CentOS-7-branch,
https://gitlab.com/gitlab-org/omnibus-gitlab,Job-Retry,,omitted,YES,YES,CentOS-7-release,
https://gitlab.com/gitlab-org/omnibus-gitlab,Job-Retry,,omitted,YES,YES,CentOS-7-staging,
https://gitlab.com/gitlab-org/omnibus-gitlab,Job-Retry,,omitted,YES,YES,CentOS-8,
https://gitlab.com/gitlab-org/omnibus-gitlab,Job-Retry,,omitted,YES,YES,CentOS-8-branch,
https://gitlab.com/gitlab-org/omnibus-gitlab,Job-Retry,,omitted,YES,YES,CentOS-8-release,
https://gitlab.com/gitlab-org/omnibus-gitlab,Job-Retry,,omitted,YES,YES,CentOS-8-staging,
https://gitlab.com/gitlab-org/omnibus-gitlab,Job-Retry,,omitted,YES,YES,Debian 10 knapsack,
https://gitlab.com/gitlab-org/omnibus-gitlab,Job-Retry,,omitted,YES,YES,Debian 8 knapsack,
https://gitlab.com/gitlab-org/omnibus-gitlab,Job-Retry,,omitted,YES,YES,Debian 9 knapsack,
https://gitlab.com/gitlab-org/omnibus-gitlab,Job-Retry,,omitted,YES,YES,Debian-10,
https://gitlab.com/gitlab-org/omnibus-gitlab,Job-Retry,,omitted,YES,YES,Debian-10-branch,
https://gitlab.com/gitlab-org/omnibus-gitlab,Job-Retry,,omitted,YES,YES,Debian-10-release,
https://gitlab.com/gitlab-org/omnibus-gitlab,Job-Retry,,omitted,YES,YES,Debian-10-staging,
https://gitlab.com/gitlab-org/omnibus-gitlab,Job-Retry,,omitted,YES,YES,Debian-8,
https://gitlab.com/gitlab-org/omnibus-gitlab,Job-Retry,,omitted,YES,YES,Debian-8-branch,
https://gitlab.com/gitlab-org/omnibus-gitlab,Job-Retry,,omitted,YES,YES,Debian-8-release,
https://gitlab.com/gitlab-org/omnibus-gitlab,Job-Retry,,omitted,YES,YES,Debian-8-staging,
https://gitlab.com/gitlab-org/omnibus-gitlab,Job-Retry,,omitted,YES,YES,Debian-9,
https://gitlab.com/gitlab-org/omnibus-gitlab,Job-Retry,,omitted,YES,YES,Debian-9-branch,
https://gitlab.com/gitlab-org/omnibus-gitlab,Job-Retry,,omitted,YES,YES,Debian-9-release,
https://gitlab.com/gitlab-org/omnibus-gitlab,Job-Retry,,omitted,YES,YES,Debian-9-staging,
https://gitlab.com/gitlab-org/omnibus-gitlab,Job-Retry,,omitted,YES,YES,Docker,
https://gitlab.com/gitlab-org/omnibus-gitlab,Job-Retry,,omitted,YES,YES,OpenSUSE 15.1 knapsack,
https://gitlab.com/gitlab-org/omnibus-gitlab,Job-Retry,,omitted,YES,YES,OpenSUSE-15.1,
https://gitlab.com/gitlab-org/omnibus-gitlab,Job-Retry,,omitted,YES,YES,OpenSUSE-15.1-branch,
https://gitlab.com/gitlab-org/omnibus-gitlab,Job-Retry,,omitted,YES,YES,OpenSUSE-15.1-release,
https://gitlab.com/gitlab-org/omnibus-gitlab,Job-Retry,,omitted,YES,YES,OpenSUSE-15.1-staging,
https://gitlab.com/gitlab-org/omnibus-gitlab,Job-Retry,,omitted,YES,YES,Raspberry-Pi-2-Stretch,
https://gitlab.com/gitlab-org/omnibus-gitlab,Job-Retry,,omitted,YES,YES,Raspberry-Pi-2-Stretch-branch,
https://gitlab.com/gitlab-org/omnibus-gitlab,Job-Retry,,omitted,YES,YES,Raspberry-Pi-2-Stretch-release,
https://gitlab.com/gitlab-org/omnibus-gitlab,Job-Retry,,omitted,YES,YES,SLES-12,
https://gitlab.com/gitlab-org/omnibus-gitlab,Job-Retry,,omitted,YES,YES,SLES-12-branch,
https://gitlab.com/gitlab-org/omnibus-gitlab,Job-Retry,,omitted,YES,YES,SLES-12-release,
https://gitlab.com/gitlab-org/omnibus-gitlab,Job-Retry,,omitted,YES,YES,SLES-12-staging,
https://gitlab.com/gitlab-org/omnibus-gitlab,Job-Retry,,omitted,YES,YES,Ubuntu 16.04 knapsack,
https://gitlab.com/gitlab-org/omnibus-gitlab,Job-Retry,,omitted,YES,YES,Ubuntu 18.04 knapsack,
https://gitlab.com/gitlab-org/omnibus-gitlab,Job-Retry,,omitted,YES,YES,Ubuntu-16.04-release,
https://gitlab.com/gitlab-org/omnibus-gitlab,Job-Retry,,omitted,YES,YES,Ubuntu-18.04-release,
https://gitlab.com/gitlab-org/omnibus-gitlab,Manual-Job,,omitted,YES,YES,Trigger:measure-memory:,
https://gitlab.com/gitlab-org/omnibus-gitlab,Manual-Job,,omitted,YES,YES,Trigger:ha-validate,
https://gitlab.com/gitlab-org/omnibus-gitlab,Manual-Job,,omitted,YES,VALIDATOR,Docker-measure-memory,it contains docker in the name
https://gitlab.com/gitlab-org/omnibus-gitlab,Manual-Job,,omitted,YES,YES,upgrade,
https://gitlab.com/gitlab-org/omnibus-gitlab,Manual-Job,,omitted,YES,YES,license-upload,
https://gitlab.com/gitlab-org/omnibus-gitlab,Manual-Job,,omitted,YES,YES,Trigger:ha-validate,
https://gitlab.com/gitlab-org/omnibus-gitlab,Manual-Job,,omitted,YES,YES,Trigger:ce-package,
https://gitlab.com/gitlab-org/omnibus-gitlab,Manual-Job,,omitted,YES,YES,Trigger:ee-package,
https://gitlab.com/MrWildcard/a-nice-app,Versioning,No Version,omitted,YES,YES,pip install awscli,it behaves correctly here (the project was not scheduled for linting)
https://gitlab.com/MrWildcard/a-nice-app,Versioning,No Version,omitted,YES,YES,pip install awscli,it behaves correctly here (the project was not scheduled for linting)
https://gitlab.com/MrWildcard/a-nice-app,Versioning,No Version,omitted,YES,YES,pip install awscli,it behaves correctly here (the project was not scheduled for linting)
https://gitlab.com/rodo/pg_tools,Versioning,No Version,omitted,YES,VALIDATOR,anosql,it's not the txt